,Left side(m3/s),Top(m3/s),Middle(m3/s),Right side(m3/s)
Mon morning,-0.0015833333333333335,0.32959672044149996,0.9494809999999999,0.00017212375174448618
Mon afternoon,-0.0017500000000000003,0.4052755174797601,0.9634494765718639,0.0004518453561117724
Tue morning,0.0122991875,0.4164220944221,0.7046364462190132,0.0054445575553339265
Tue afternoon,0.009041885416666668,0.331566251072375,0.8082507225831458,0.002804612852775177
Wed afternoon,0.0357425,0.42248786522258336,1.0705458240296375,0.010585515692638894
Thur morning,0.022,0.26744434365247505,1.0281694826490375,0.0018093074574556227
